Sample,Copy_number_change,DorR,Pair,Class,Start,End
PD45792b_lo0017,"Chr4_UPD, Chr9p_UPD",D,Pair11,UPD,,
PD45792b_lo0115,"Chr4_UPD, Chr16p_UPD, Chr19_UPD, Ch21_UPD",D,Pair11,UPD,,
PD45793b_lo0109,Chr20_UPD,R,Pair11,UPD,,
PD45795b_lo0109,Chr7q_UPD,R,Pair13,UPD,,
PD45795b_lo0279,Chr9q_UPD,R,Pair13,UPD,,
PD45798b_lo0003,ChrX_del,D,Pair21,Del,,
PD45798b_lo0089,ChrX_del,D,Pair21,Del,,
PD45798b_lo0147,ChrX_del,D,Pair21,Del,,
PD45803b_lo0117,Chr19_dup,R,Pair25,Dup,,
PD45803b_lo0242,Chr2q_dup,R,Pair25,Dup,,
PD45803b_lo0248,Chr19_dup,R,Pair25,Dup,,
PD45803b_lo0287,Chr19_dup,R,Pair25,Dup,,
PD45806b_lo0180,Chr5q_UPD,D,Pair31,UPD,,
PD45807b_lo0256,Chr14_dup,R,Pair31,Dup,,
PD45809b_lo0076,Chr22_UPD,R,Pair38,UPD,,
PD45809b_lo0129,ChrX_del,R,Pair38,Del,,
PD45810b_lo0075,Chr14_dup,D,Pair40,Dup,,
PD45813b_lo0230,Chr11p_UPD,R,Pair41,UPD,,